{
  "type": "legendarymonuments:eternatus_cocoon",
  "biomes": [
    "minecraft:end_highlands",
    "minecraft:end_midlands",
	"betterend:amber_land",
	"betterend:blossoming_spires",
	"betterend:chorus_forest",
	"betterend:crystal_mountains",
	"betterend:dragon_graveyards",
	"betterend:dry_shrubland",
	"betterend:dust_wastelands",
	"betterend:foggy_mushroomland",
	"betterend:glowing_grasslands",
	"betterend:lantern_woods",
	"betterend:megalake",
	"betterend:megalake_grove",
	"betterend:neon_oasis",
	"betterend:painted_mountains",
	"betterend:shadow_forest",
	"betterend:sulphur_springs",
	"betterend:umbra_valley",
	"betterend:umbrella_jungle"
  ],
  "step": "surface_structures",
  "spawn_overrides": {},
  "terrain_adaptation": "beard_thin",
  "start_pool": "legendarymonuments:eternatus_cocoon",
  "size": 1,
  "start_height": {
    "absolute": -9
  },
  "project_start_to_heightmap": "MOTION_BLOCKING_NO_LEAVES",
  "max_distance_from_center": 80,
  "use_expansion_hack": false
}
